<?xml version="1.0" encoding="UTF-8"?>
<beans  
	xmlns="http://www.springframework.org/schema/beans"
	xmlns:xsi="http://www.w3.org/2001/XMLSchema-instance"
	xmlns:mvc="http://www.springframework.org/schema/mvc"
	xmlns:context="http://www.springframework.org/schema/context"
	xmlns:tx="http://www.springframework.org/schema/tx"
	xsi:schemaLocation="http://www.springframework.org/schema/mvc http://www.springframework.org/schema/mvc/spring-mvc-3.2.xsd
		http://www.springframework.org/schema/beans http://www.springframework.org/schema/beans/spring-beans.xsd
		http://www.springframework.org/schema/tx http://www.springframework.org/schema/tx/spring-tx-3.1.xsd
		http://www.springframework.org/schema/context http://www.springframework.org/schema/context/spring-context-3.1.xsd">
		
	<context:component-scan base-package="com.ati.paymentgateway" />
		<mvc:annotation-driven />
    <mvc:default-servlet-handler />
	
	<mvc:resources mapping="/bower_components/**" location="/bower_components/" /> 
	<mvc:resources mapping="/dist/**" location="/dist/" /> 
	<mvc:resources mapping="/js/**" location="/js/"/>
	<mvc:resources mapping="/less/**" location="/less/"/>
	<mvc:resources mapping="/datepicker/**" location="/datepicker/"/>
	<mvc:resources mapping="/decorators/**" location="/decorators/"/>
	<mvc:resources mapping="/common/**" location="/common/"/>
	
	
	<bean class="org.springframework.web.servlet.view.InternalResourceViewResolver">
		<property name="prefix" value="/WEB-INF/jsp/" />
		<property name="suffix" value=".jsp" />
	</bean>	
	
	<bean id="messageSource" class="org.springframework.context.support.ResourceBundleMessageSource">
		<property name="basename" value="ApplicationResources"/>
		<property name="useCodeAsDefaultMessage" value="true"/>
	</bean>
	
	<bean id="dataSource" class="org.springframework.jdbc.datasource.DriverManagerDataSource">
		<property name="driverClassName" value="org.postgresql.Driver" />
		<property name="url" value="jdbc:postgresql://localhost:5432/test" />
		<property name="username" value="postgres" />
		<property name="password" value="1" />
	</bean>
	
	<bean id="sqlSessionFactory" class="org.mybatis.spring.SqlSessionFactoryBean">
		<property name="dataSource" ref="dataSource" />
		<property name="typeAliasesPackage" value="com.ati.paymentgateway.model"/>
		<property name="mapperLocations" value="classpath*:mapper/*.xml" />
	</bean>
	
	<bean class="org.mybatis.spring.mapper.MapperScannerConfigurer">
		<property name="basePackage" value="com.ati.paymentgateway.mapper" />
	</bean>
	
	<bean id="sqlSession" class="org.mybatis.spring.SqlSessionTemplate">
		<constructor-arg index="0" ref="sqlSessionFactory" />
	</bean>
		
	<tx:annotation-driven transaction-manager="transactionManager" />
	<bean id="transactionManager" class="org.springframework.jdbc.datasource.DataSourceTransactionManager">
		<property name="dataSource" ref="dataSource" />
	</bean>
		
</beans>
