<beans:beans xmlns="http://www.springframework.org/schema/security"  
 xmlns:beans="http://www.springframework.org/schema/beans" xmlns:xsi="http://www.w3.org/2001/XMLSchema-instance"  
 xsi:schemaLocation="http://www.springframework.org/schema/beans  
           http://www.springframework.org/schema/beans/spring-beans-3.0.xsd  
           http://www.springframework.org/schema/security  
           http://www.springframework.org/schema/security/spring-security.xsd">  
           
		<http auto-config="true">
			<access-denied-handler error-page="/403" />
			<intercept-url pattern="/main" access="hasRole('ROLE_USER') or hasRole('ROLE_ADMIN')"  />
			<intercept-url pattern="/core/**" access="hasRole('ROLE_USER') or hasRole('ROLE_ADMIN')"  />
			<intercept-url pattern="/user" access="permitAll"  />
			<access-denied-handler error-page="/403" />
			<form-login 
			    login-page="/login" 
			    default-target-url="/main" 
				authentication-failure-url="/login?error" 
				username-parameter="username"
				password-parameter="password" />
			<logout logout-success-url="/login?logout"  />
		</http>           

		<authentication-manager>
			<authentication-provider>
				<password-encoder ref="encoder" />
		         
		           <jdbc-user-service data-source-ref="dataSource"
		               users-by-username-query="select username,password,account_enable from core_user where username=?"
		               authorities-by-username-query="select username, account_type from core_user where username=?" />
			
<!-- 					<user-service> -->
<!-- 			            <user name="aa" password="$2a$10$IgRFwCYGasU13s2G9Gy1BecYMk28JlfFz5XcOeuh9dqQBLu1uyQru" authorities="ROLE_USER" /> -->
<!-- 			            <user name="bb" password="$2a$10$jmGrn7ZqdT5C/f.OC/OnXOKDNYf8cHVjlgMFHsV8HLaiJ/5T04PoS" authorities="ROLE_ADMIN" /> -->
<!-- 			        </user-service> -->
			
			</authentication-provider>
		</authentication-manager>
	
		<beans:bean id="encoder" class="org.springframework.security.crypto.bcrypt.BCryptPasswordEncoder">
			<beans:constructor-arg name="strength" value="10" />
		</beans:bean>
		
</beans:beans>